source,task,featurizer,model,rmse,mae,r2,accuracy,roc_auc,runtime_s
smoke,regression,mordred,CatBoost,0.01960955251431451,0.01960955251431451,,,,0.7454118728637695
smoke,regression,mordred,RF,0.016387207057740993,0.016387207057740993,,,,0.6090290546417236
smoke,regression,mordred,TabICL,0.024812847254005323,0.02481284737586975,,,,11.439978837966919
smoke,regression,mordred,XGBoost,0.02015358178434514,0.020153582096099854,,,,0.10898542404174805
smoke,regression,morgan,CatBoost,0.016866713585316107,0.016866713585316107,,,,0.12348294258117676
smoke,regression,morgan,RF,0.0510533487846454,0.0510533487846454,,,,0.5808532238006592
smoke,regression,morgan,TabICL,0.020224362904406643,0.02022436261177063,,,,5.112150192260742
smoke,regression,morgan,XGBoost,0.019032866139557906,0.01903286576271057,,,,0.08951616287231445
