source,benchmark,task,featurizer,fold,model,n_train,n_test,n_features,runtime_s,accuracy,roc_auc,rmse,mae,r2
smoke,toy_regression,regression,morgan,1,TabICL,9,1,1024,5.112150192260742,,,0.020224362904406643,0.02022436261177063,
smoke,toy_regression,regression,morgan,1,XGBoost,9,1,1024,0.08951616287231445,,,0.019032866139557906,0.01903286576271057,
smoke,toy_regression,regression,morgan,1,CatBoost,9,1,1024,0.12348294258117676,,,0.016866713585316107,0.016866713585316107,
smoke,toy_regression,regression,morgan,1,RF,9,1,1024,0.5808532238006592,,,0.0510533487846454,0.0510533487846454,
smoke,toy_regression,regression,mordred,1,TabICL,9,1,1242,11.439978837966919,,,0.024812847254005323,0.02481284737586975,
smoke,toy_regression,regression,mordred,1,XGBoost,9,1,1242,0.10898542404174805,,,0.02015358178434514,0.020153582096099854,
smoke,toy_regression,regression,mordred,1,CatBoost,9,1,1242,0.7454118728637695,,,0.01960955251431451,0.01960955251431451,
smoke,toy_regression,regression,mordred,1,RF,9,1,1242,0.6090290546417236,,,0.016387207057740993,0.016387207057740993,
